,0,1,2,3,4,5,6,7,8,9,10,11,12,13,14,15,16,17,18,19,20,21,22,23,24,25,26,27,28,29,30,31,32,33,34,35,36,37,38,39,40,41,42,43,44,45,46,47,48,49,50,51,52,53,54,55,56,57,58,59,60,61,62,63,64,65,66,67,68,69,70,71,72,73,74,75,76,77,78,79,80,81,82
1,19.175353988457005,12.270215007489563,5.094607166104941,5.641883231458672,18.418681325622984,23.826133420553724,73.40961129382138,24.667954466381396,14.06267341111812,3.9573933990545194,2.741932947995402,10.781743133480983,17.75472150210356,37.681020684241105,15.098709327536922,11.41323425326003,3.4753232613585325,2.267562577806458,10.604489614206479,18.16721799950213,19.132010088594853,18.667579720521605,13.821540642559581,6.291219523962757,4.54097465902197,8.671352343041125,15.860280733015015,3.8780399098674367,12.955990434229978,9.883524401154176,7.289589460823971,3.4552134329219872,4.617975826828684,11.054989147250078,21.44211487477325,15.346794508225463,11.692487253703657,4.135209613319129,0.8156879905564753,6.679964127240157,11.495647067779519,9.320413044162917,13.832204306388652,8.025121262624454,3.147671427205041,4.196786392311725,5.18948147800339,5.005775739142633,7.452402214735328,5.346901721368463,4.428003675138195,3.919064504627211,0.6441286095980648,2.5927324776545717,4.326534051805723,7.300250172310071,7.878217603661597,4.780092163413411,1.7731774538823117,3.3054574538676023,1.0160021558186196,2.9481442827004587,4.861996785630938,4.5508940988943385,3.833135383176078,1.5502761320257186,2.858958889650864,0.6548632436021743,2.625033154692707,6.582541749658473,1.3062753826601505,1.0939610598291194,1.4027090067519805,1.009369242113143,1.3911835395421328,2.9045062292901207,5.580471883556623,2.63269075154571,1.294638037062149,2.3183218278433264,1.970353929736509,1.3778543580788123,3.5883875635932867
2,16.703594139314454,15.697303945450347,3.38322902355928,1.986086112242357,8.757330689427182,17.50837988686064,94.9303086682078,19.15732708289055,16.261363617363045,7.234913570270282,3.286483426681866,3.8124997906179092,19.49127921248417,22.667172911437746,20.491833877834665,11.702647158872011,6.8174393041567685,6.916386130793592,8.275480150383682,12.616875026880868,13.268333974799909,12.994365022094883,4.964401234696242,6.066073413846996,8.469426757458823,6.060863260403238,4.980332686852748,13.709658567383114,7.707279133981673,4.995423102173982,3.642821755902707,5.688949244093468,3.681526818950267,2.9404962520299818,9.493649307228015,1.9701919603506253,3.9746173255300916,4.876810327458557,0.9142570600326438,2.8386922689280416,7.561515506275537,9.759697457337584,0.9263940844862172,2.4846437829541057,1.919549410176376,2.1860322756330492,3.1523381873423757,4.044572426290631,10.318709593988636,0.9448297377852442,1.936091817691812,3.656666184756312,0.32886814087533073,3.239124177069433,2.7153925679973834,1.055129724783102,3.478882773678237,2.3102963732577995,3.289732815285308,2.142591562011028,4.589914805385626,5.0928511402352115,5.201894910267779,5.74094581754332,0.8112471603027085,2.97072974786864,1.3875634881931413,0.655563155766101,1.8452993124777821,5.562822375306377,4.26345203706911,3.6207696596808545,4.6440901002839805,2.0208834965886977,2.516454788692653,1.821041001848423,4.186704719442491,2.013796894561248,1.5154507629011542,1.7613004445125688,4.477856646944944,4.122740828381028,3.759134638060811
3,12.98026425826349,8.174240841523556,3.3515810908927177,2.9914343920306026,4.365940819832636,14.103880140544511,89.87282072817503,12.473400829111789,8.2734452950194,1.7554781815184437,5.137067814404776,6.165383251325573,8.470690854269114,19.867709337202495,7.972215262413288,4.295170047542522,1.5777680836717307,2.5046744540464325,3.01485521357964,7.756445664926277,11.674426585885369,9.709068020068592,7.746994052036318,0.6234676507971361,5.156398037253277,7.280825806658475,8.664258826646478,28.31901842948969,9.778773670784854,8.871687254143003,1.8229509321026724,4.293534265481354,10.105686999094438,13.927370823823606,32.6019280186685,10.054138220951176,7.745082819793017,3.8197893170180257,1.803001990481817,1.6370123260703242,6.708334326402195,12.044272983629556,4.231955718651794,4.174098870674983,1.8073654574680873,0.7820753079178907,1.1593217863816048,4.244864285127562,10.492004169261728,7.036482734476742,7.7178650408216525,1.41485371949515,3.486998178328989,4.274007126927458,8.078814830479832,18.044082559126686,4.771919405785596,6.18681179820591,2.914765583490161,0.5882488775798685,6.273816658478155,6.413636480263659,18.404392359105437,4.773012503507211,2.4612452290451703,4.218351390833022,1.3919198732870661,3.497322616892267,2.592092257767792,8.2805404962291,4.214950569228205,1.454353251908062,1.0331999415465134,0.4029104118792995,2.3530335809414047,1.8906512381745368,6.392997202349147,3.0194316555916507,1.9341985400695456,0.5707387780266591,1.9377037118114095,2.4405553112609737,1.584759223683694
4,8.071362055172905,5.935475745705348,6.221926108610025,7.275318035731352,4.643345213427673,5.665655574627376,99.68586024099838,4.035288461480974,1.1098078459657281,5.157819393091375,5.195584744429984,6.4827421511105525,6.1883758666141375,43.67515769572796,4.140990730043537,5.4028288919750915,7.312023966082281,6.818429770421014,2.3925262764644857,6.117021922247039,22.689344091616448,6.505892114791368,3.824981387480509,2.086861788503578,3.471314060446463,5.582150903019139,1.057585971120507,16.456877903510133,6.977539341259495,4.753225910176538,5.909003876855863,2.182804110725784,2.5695742883156143,3.7974084541667903,2.3480983065673695,3.7509624353824553,3.967691997559611,4.851891829760663,4.203307142004845,3.7878473387572633,3.242336464664582,8.132314719328642,9.193446515227743,1.184270188946404,2.9612852781031367,1.5348575840734857,3.311185090591869,3.9057079765102873,2.3928310244891566,6.856007589626363,2.9686537126275097,4.888942815108443,3.731286931332863,5.542675451680432,0.5928127348534756,3.5616445578615883,3.192960669936164,3.8282081961979775,2.2787096259491393,1.102679973279711,3.2118146101313516,2.962338910795154,3.724609944746083,3.987847377197573,0.9188449751112986,3.9090262326787144,1.4299346747336272,4.603873767598158,4.061131746069453,3.291725595521288,0.5678828687538694,2.7428385826847754,2.9818981537116187,2.218599285556934,3.706967502061628,1.3870369165625995,0.5876250237761343,0.974961720283943,1.2369857465276912,2.9684142848232384,1.8228006405496766,1.592280673363294,4.648971247943912
6,10.543949818898147,8.013098063761008,4.4521935583609595,1.2993051153823054,2.205604843448702,5.802246024611295,103.83863227747955,12.093672437723109,9.820330963900139,4.3847835129348365,4.054197965904608,6.443095946387826,11.877766140062205,40.06740155838395,5.804547016783511,6.266508225902358,4.5915834906020185,2.1189694910505263,5.228610431181324,4.135714970543935,10.657373278365808,1.021838562164513,3.6010825496644836,5.061120133007043,1.9846115186249391,1.584628022926047,5.239558759328719,13.375568889754927,5.237606731615946,3.9149245436846716,6.348207920271696,4.024437486249246,4.854349964009796,7.067438157945498,8.197010783941737,3.509257585684973,1.672550119897947,3.38722237137908,0.37887747539720484,1.2743227567439621,3.0157711573457124,3.8730896085386495,2.204133451863064,5.50418332500328,1.2630913922852496,1.0271973028941754,3.122648782972335,3.7264270096354437,2.89639186106925,4.646014642459031,4.2986146053283605,0.969011709463999,0.6150501827032273,0.07518437160942448,2.7825518958254665,1.400430348927373,0.5790258423576227,1.6962516002314763,0.953476487666594,1.1676960500927978,2.347605461323995,1.9337914277243653,1.7484477704930839,2.0785570138497107,3.9613881716813215,2.3023245771095393,0.8742030263834962,1.5017507973713629,3.3048120646011743,2.436252593123369,0.7266737526475527,2.562892150705248,1.309495214763289,2.262114452644938,2.1392284379029722,2.2489444398338065,0.49494978866248635,0.5568866334549758,2.6172399768064083,1.6886391694888296,1.2282426992584345,2.5715289259688197,0.294299797726555
7,25.412988941276048,10.56891319812974,7.3626017272938995,4.7172215294589455,9.795208796834402,15.456509109008959,96.12182984900954,12.441466662968311,5.66629162580492,4.699241322813518,4.510426775543551,0.9764883261210757,3.061644339766375,40.48130419025648,8.963196913049119,2.9146107285332565,6.042450046657356,6.479423626405317,6.401135907975349,3.3716863779442354,7.402856594820379,1.450652704234457,5.3047468451314375,3.602023455102413,4.25554638316987,2.8009774128273155,3.5433418992214682,18.320562669199894,5.254371808047778,2.9426939532029706,3.8208222927205675,3.5265369706897283,3.3913131674455284,5.320888877057563,15.644686067377842,3.593968127948909,5.100030567219424,3.368773895160922,2.185002778197105,4.512762191214977,2.617572350187206,9.180154468787,1.5788447318617023,3.1072580312314892,3.283433798950481,1.2705781022698297,3.0462688855179776,4.198378216861023,11.121116665072774,4.69805389456945,2.16352536265358,0.9260142911743989,0.07854848024379513,4.66855953714768,1.5597122565250656,3.137424454117114,2.030081348722615,2.5510934859527366,2.255516467312618,1.2391135870158092,3.2128976290015006,4.528518716789791,9.925998390463889,4.1071341671765405,3.7317342844647827,0.20451353391886715,2.7732994267425837,5.0051007316248315,4.575065023367211,3.500918692124651,2.0691895007628616,0.8563600210629793,2.5772639576687406,0.7967408232072756,2.2906266915558438,3.7244083158553956,5.330636525688669,3.0874334945979096,3.2576776078235397,1.8110434223804965,4.160073104779987,3.582749249636278,3.5903496365974243
8,13.702898035253265,8.962398488366862,5.739584197598832,1.4006583932927514,0.4803959859973605,4.792445134371342,106.43898200565648,6.744909972186845,6.249154117802802,7.019470037515056,2.700899074699243,5.7322067841956335,3.968344884367207,28.149675841817913,9.853623450889256,5.412107912302301,4.328453735951383,4.938039627302893,6.287951793048082,2.2847826804799922,13.874988984452955,8.40882985938302,5.680025335729224,6.307850919314621,1.7278659675367956,1.747242011041235,2.7036818470250497,16.812173332386166,0.6862371544549505,2.7131785102150214,4.013589897048256,1.8649956543768627,4.869178457230064,6.750470988463054,6.773744196551903,4.32454053211939,0.6722456241679009,1.6062472300241564,2.6390004670653626,1.0689987203189468,1.6010068286142565,2.7863904406900764,3.461229032994295,1.4329972942786346,1.5618909422501466,1.9600133277303047,2.360781181896595,5.2337481148116165,7.599780849230748,2.950669724833789,0.9465487751167202,3.0432560497429924,2.746513651554647,4.367258388693568,3.5324568773939986,7.139864974712945,1.2755650436363482,1.6395319206043601,2.538327274717933,1.9532094113004435,2.065594670288998,1.5929691192940507,3.5666246653940052,1.3296525315644336,4.398939583193486,2.724968739573828,1.5988253471941785,3.2556943810380825,4.0603574502316455,4.841272971777406,2.8373921548410412,4.054926445170596,2.1559570373527333,3.6969209401753806,2.2132206617415804,0.9477544444043742,3.4894057714648614,2.904556672251558,1.1658112860060814,3.324625374951744,1.9956351441479532,2.935299928054592,3.118104853677038
9,19.066180398216243,5.018606280264854,2.575311598929314,4.594403720295251,13.907837264036738,18.51727595476828,100.43906206537433,12.50673557347839,5.307837582454956,2.0489524330405073,1.9896257940365054,4.451142128114243,11.200579615345383,24.29677361235192,16.982876052472374,6.002670855453422,6.5690743297888785,3.108956356984891,4.899351204766163,18.691046380202014,11.059385533292307,14.326263507575412,0.5781650820718112,1.0885768426909832,3.5420973336531048,2.016292326156869,3.957024942490211,3.647710074689276,4.6539303568183685,1.7415043618052397,1.0554864879587167,1.024293539661189,3.831690599800587,11.573390079218553,13.991183017169364,11.023941833530419,2.6977626982826353,1.9139103715512116,3.8962276064119648,3.1989023532320067,4.695570193552502,1.411207498393969,0.7218597183778503,1.3949489062599127,0.6110553409645986,3.4725980597437656,1.0339632101263587,6.641348713820435,5.6522824786468835,4.978934075025641,2.1720947993838147,1.2912115941534814,3.1644525110039874,3.587685637766069,7.252302574221015,2.700440294021664,2.1869594181830156,2.1854885229875523,2.53758524733181,3.2577408319158905,2.725643518966075,1.969204026070509,6.336615797185091,4.789704118184389,1.5900128116455334,1.5071811883459925,2.508861516174379,5.067097976061698,3.5893601807998734,4.645117704901448,3.4453429699974625,0.9805951772520948,2.108019069773829,1.0300623340149377,1.8286665845923822,2.4916823557539294,2.0679008839097257,4.423508698261555,2.0369839155860108,0.91531634577468,1.9996453765589774,2.5920043331569427,4.068939240195716
10,5.792012604688609,5.822087919482017,9.299110183530471,9.069544751336627,5.116564946136925,7.870706027649689,106.47070772570389,3.6492728734561584,5.8995324953656505,9.67576888109903,1.7462190330603409,2.679780514041475,7.147093057895279,18.027596461621133,6.719335810470644,6.7253602927055525,6.503447207659316,4.952939193461374,7.445855947660505,3.523431364938193,22.437859277627567,7.157148799084836,3.194887325922004,1.5964582610809803,5.756766426838534,4.14466278836133,5.18857692123506,16.06608415233533,3.367817612429985,7.95068684641837,4.289972553973674,3.0432590741477434,3.3076590031232325,8.491644571683468,6.425923414134545,4.854458052479339,3.4244436469271884,5.30210082947319,9.47183368723067,1.682687370480428,2.593320146988353,4.15788590336619,2.308317321828132,2.0332170932070226,1.6249291578548313,5.344992907725276,3.708255203985254,1.9211816167746554,5.554585238365218,3.623958263499832,2.479271337680306,0.696592027811292,2.9377541329099235,3.401879837898986,3.3542689395045038,2.42404961669091,2.5221940130528724,3.0459635182099856,4.442926034477709,2.1395617082505654,1.1282062891530698,1.895557581620805,2.0913675610809497,3.42500910591188,2.7139961599843803,3.246020708448027,0.9793793113061962,1.745059528610138,3.590633827688219,2.720708891201419,5.78805477626241,0.7510810918876607,3.778637348776784,3.3419668083241256,1.1757035107516767,1.4649928190963823,1.8137786238426292,2.338540675872926,4.745087628385547,1.2618938406532791,4.248630592883424,4.6962903757741925,1.7934682403998132
12,9.174726606725795,11.625667723507544,0.8308736436955787,4.342320808603895,5.425663014595839,3.9813629753909296,95.87994282742369,0.836459506339743,3.46476568134756,4.539185041469175,4.365698258100347,6.780385287852768,1.1885062856837112,52.115805957039015,1.0072971944167506,1.491302819596115,1.7333482237070195,6.292383944355493,7.769309188966446,4.0658364560683,17.6763137578125,3.3043376793013706,4.387202327141898,1.58396858706029,0.8161312565080956,4.46016972334418,4.60100612702123,12.56420150432855,8.964691382326071,4.717835228710922,2.988554407733934,0.3984441510542872,2.9006351056505406,1.9377501006791407,15.365282696752853,3.7313482736671353,3.569645612458702,2.458785832358373,2.014231839303167,4.948990959190511,3.9802913587381683,8.868775988947986,4.359706544012844,6.244298922191288,1.626129446996354,2.284482159743509,0.9003287480893089,5.010876072815264,8.18409990827751,4.0917512161847736,2.5822306352120927,4.827951205567222,3.884631177216611,4.389141984320692,2.394241300047788,5.997921978235653,3.983295745679226,4.270950660106939,2.8670953129275585,3.960167371454297,3.4803074937750536,3.3752995342995726,4.776442862243531,3.516453364279079,0.49474628188996694,1.8995442928556954,4.108752781595062,2.7660550057807782,1.7412620535252685,2.27477363629022,3.0767512506440218,3.9766241386185843,1.5203365961834043,3.5248837081198827,4.217622954614415,1.4476055716220415,3.680851335278887,1.9895246076013573,6.368777543563027,1.7316538881292214,3.4680277926676406,4.7868647706886005,3.6052780806707068
13,11.792395928883478,3.5242092437295045,4.888660062005071,9.998539461020219,6.422677081101819,28.927231589283853,76.25917838351519,35.38140842616963,8.336223633931185,5.757298889036128,6.008922287051034,3.8347781506142438,14.48629287113757,42.59880191976317,16.898067732072885,9.072123685327323,5.685870169693509,3.3804289432975803,6.6858016428315885,15.661815076156755,17.235726731750205,16.082134399655533,3.9649757217938717,8.754805529958462,1.5022659990567142,5.28593925933661,12.270079944099752,8.376996592745499,17.744559883790963,6.68787952020281,2.3623152695267353,2.635158984269826,3.8054616120582705,7.8246043874891935,12.301105906288646,10.710284226751112,1.003989340321626,6.001917774791844,3.5988307677856577,2.2046192728694436,4.307258654598674,12.71370863954593,10.761285553342475,4.433419437563921,3.3829638822067962,1.9192872959614133,4.13187898089305,2.9351449469806616,6.1709984842705286,8.383252530394238,2.434733010942548,1.49864148577328,3.3472699398886605,2.9153961729225832,7.896196767131447,8.019243526215956,4.641616967096706,0.42149903178033593,4.397086380511369,4.2446911634150135,3.622001761734543,3.793111593375605,10.197491304673253,7.399884855414735,3.8763554449876896,3.8677903199387793,3.8655867258411796,2.58678867288719,8.620723909871764,5.59912168212459,7.684952784139559,2.5383957896850564,2.356823029937593,3.0924228046379656,2.8223773500471183,5.6752170252373775,8.608493233489947,6.718744977000188,2.656493161559196,0.9963424935255991,3.354976756109021,1.3509215282134723,5.370431379461055
14,2.7879139513816447,6.64037551938119,5.830139528842284,6.490159677477302,9.128813331395714,6.184787052170628,93.54906237305029,0.2620611673744188,6.434110283544259,9.928238820659951,2.301421600734274,9.012517307294193,6.887546552963247,42.39247338600088,4.754777881771557,5.868842352204358,4.897509759089293,2.8437814074914076,6.419107601756021,7.81455855312959,7.715366686590567,8.489026784692404,5.865659679238018,2.5962248248890174,5.275424793598892,6.42350990936957,7.33950886992524,16.87910425042059,3.517086694710921,4.678307547559133,3.437567841537014,2.6477031501021626,12.922017358127022,6.110592569357303,14.614762278312043,2.341800156992057,8.157703499718039,7.487612571564889,1.3787536991870875,4.3113244970498545,5.979492439545796,7.537666650831263,2.5534353708425663,3.778082529460668,6.165790928296774,6.678859055673158,10.90481428577384,6.855325944817564,11.586478314653215,3.4139727220064287,3.0271783895262674,9.297360947419987,1.9259249582604612,8.311992723465906,12.477837039443065,9.910199738905764,4.023849710046566,4.389085472047325,4.386800061200509,4.393597310299985,6.370705034139727,3.7166874445583735,7.02842189307876,5.541632043899156,4.919491655893469,4.593258304155023,1.958221666899787,1.84793769303928,7.949366789489012,1.6317508428106158,6.834311189123727,1.3333829630981902,0.9243178842753471,4.0456156342938,9.325704413795412,5.3769282620768735,2.1497741087230486,7.566026240003534,4.650414788861015,4.453476571075143,1.5991862764933626,0.7685108536342125,9.748930219244276
15,4.489482766258915,6.844331057798185,3.5973355158624494,4.142233470813197,3.2265388745997527,8.559588906443475,95.71757693855847,1.441951811473366,3.137979626855238,2.7600739007123685,6.818637087223414,9.236228872995193,16.72223801329771,29.016972829197407,9.095901217553608,12.06262174678121,1.1745547317213305,4.651827723896408,8.126033729758742,8.047273887226353,33.96931483345515,7.704039221441468,7.9385741512542545,2.1783670870981493,4.933251682972817,5.420591755039098,10.111082673577425,9.81156811286741,1.2700055169905655,6.906873057721718,3.7897429168056487,2.774406992206048,7.9476294665598255,10.738609345421342,20.928731160214777,2.757267698087173,9.807295055449227,3.9675133100607227,1.4489605313893095,6.301149690608306,2.0229931711509526,8.92667032634633,3.663604269871032,8.629386380876504,4.500357573895828,1.9066748706232945,0.3886931584717175,4.208206526456989,10.590242875978433,3.7159027569294065,4.601820656461302,0.7108254243935999,0.7563100584283806,4.484999771760159,4.506852031506543,8.753737330607759,2.4162562663458256,3.188867630044665,3.411666295956339,0.8847441480956928,4.598962946232605,2.7834448064552806,2.4643634276506003,3.2844470022946575,0.8724384511735856,3.153950528609674,2.022920846228473,0.6301366424823069,3.5202746411915777,5.2738072690881435,3.5694564108497024,4.2767620328239895,1.669768993219837,0.6158581556110485,2.1796810808886145,5.309585513903707,1.2543031323527953,2.730639777882874,2.914759174892809,1.3689283407498714,0.955493359146218,1.7389549288832804,4.355549719336007
16,7.157102497044484,2.577018647020489,9.755178544847093,9.052960744335913,1.9902402076259607,5.793389522452048,102.62485153073015,9.954543837633134,5.089927728164914,4.393847072911311,4.554740078482566,6.159458587935555,13.952266129056733,35.6148372034404,10.24031782874342,5.569508344988025,3.329800413028746,2.7773737459358228,2.4565845727534503,3.2855775885619116,20.022773975185704,6.0632458356090755,5.833866561171657,4.261285709584838,2.352717487232618,5.055369212005029,8.109272943919958,7.388783116082702,5.608950162166978,3.216273498102727,1.6359564066818935,6.903027149085755,3.2313103146938986,6.173689601788203,15.439927405092359,5.471120783187896,3.9161793242995593,2.760631160575071,2.5872348100490807,1.737811744809211,3.086753665784007,9.14841677362114,2.789700211373803,4.977800796374218,3.91237486130703,4.038015883886936,3.815709091860277,3.510041016739567,5.44965345956751,2.505230558892294,2.1434176430819063,1.211301318034137,1.8110894094547523,3.8217921062116855,1.2811704450568553,1.3667784248961745,2.2671282160276527,2.3017317428292685,2.1101196893569947,0.742839034755306,2.005585414874833,3.2541279761788307,1.5448829354048883,1.9065148992486742,3.1312587841536117,2.144862246751563,0.8268169674948258,2.67228980333031,1.8713682335024815,3.1147019759286896,1.879364920125777,1.0967693522651922,0.8611341607687062,0.989016665719518,2.4579813804303297,1.6578969028484438,3.7708120821593067,3.285108680801407,1.5706624643206673,1.3353727264313595,0.47844228243599696,3.2032892084026177,3.3766008635338745
17,4.070903030025891,2.477085889276238,2.571622934931858,5.915919278365065,4.785632362176704,2.4994237280223692,104.78019497183372,2.4902990402101235,3.4928162820256166,8.304971886886504,4.0538532291054485,6.51926224578483,5.961057914254763,27.83023381967132,9.33221491369113,5.45370757146525,9.179635390052612,10.51788559073934,3.9009743312279,10.722609285694077,1.626561611521146,9.485909671669635,1.3260222326347826,10.19184179237478,9.86451871371357,5.875183157884155,9.352587308509944,16.50269495732078,6.524563388832338,4.075966118910983,8.600362569700374,5.705865853070762,1.236285933695956,1.15548388241447,7.484762283753889,6.471688995187066,1.7397612750940967,4.607697034476021,3.4811754322443242,3.0970732929735356,5.6843676724173084,13.8078810200574,2.7968160090817467,2.4325800225119263,6.579132969812083,1.8663648550544485,2.321977657996405,2.372397454743418,3.7479689704922317,2.263172636640566,0.8607846607829498,4.152910227653379,2.115071469656085,2.3477989461628237,1.7019331760294032,6.0070363190682246,2.192720789411261,3.9450779448491575,3.2586921155009048,1.4436300719177504,2.1491989111843615,2.496483844507745,2.850035960259208,2.4490617413907665,4.385381464353751,4.727454272831908,2.7846578296301754,2.3651158235259677,2.374318910219456,5.99841171522924,3.616659916679769,1.055744183920417,3.0883247336023314,2.955846186696934,1.1487336326443283,0.20382576786886536,4.291121074425665,1.83676589961348,2.268279737776201,2.4843186547518905,1.534399260181583,3.4988226416593817,1.89798559628023
18,6.863894476870721,4.444104739564614,10.623470744128525,6.390076469383611,7.538375578302941,10.47959030240104,100.51554645442067,4.933661740253663,5.7747735241319536,6.061391923218399,2.9346900393864535,7.571276980270501,11.625317117312603,37.03391470858989,9.095502196877009,1.915789119396872,1.8939307668675487,7.447261973224873,2.160834676820832,6.438694666222218,16.767311350066816,7.131620111372233,1.9958397663805847,4.2600410109748434,0.8821673147799152,1.820984170665522,11.187457911678337,15.52366937735713,6.714523685823457,7.300560330433496,3.79859767645283,3.259282341298444,0.7554831816726876,5.254570822022168,14.390407884918735,1.5311103725027493,8.268311178990626,1.2649641986275393,2.174144523222834,2.224887724477892,2.989474631944981,9.393370507801777,3.874901284549621,2.9146655682079308,4.743109698708645,4.643856617598085,3.714183949624001,7.143359006643391,0.9699308683281919,3.91824401455985,2.6767672593592935,4.640367742070464,3.0560627741751287,2.4388528799603355,5.623940998224356,4.65485571531161,2.703868469616254,4.650115024069662,3.2414130687406,1.973062781647039,3.005236732242307,3.917887158190986,2.399068568225363,6.898395175999417,2.060037987867215,3.851702964064768,3.090428245086587,4.89361722397032,1.3400092907846766,1.8514339408298437,1.924676449746364,2.5126100093841996,3.0245542594056447,1.7387184954317136,1.9657078709199756,1.7052000779157086,0.6425189335752343,2.5965254857267173,0.8535121749552126,0.29983574792923967,1.7697719172309445,3.3690804999105723,4.929066052519413
19,4.5149253361648,5.675033006700073,4.821847357206518,3.373485999766847,8.84463793706862,11.403175175058912,106.14816419912955,7.557674938818482,7.86780138471175,2.627306385519111,3.2322182063329112,8.122194211597865,14.200340657749065,29.625751244991122,11.337247191790178,6.557823960035299,1.6342260434834095,3.399554465715548,4.924700143317158,4.216108158697826,9.658072848844498,6.504950671191408,2.9868193542338357,3.393925884185438,2.9126769483063453,4.2018573656844485,6.282941351095808,12.767424275834182,5.775944478988242,2.058990427078151,2.654024643095399,5.554976464361075,5.36715483845797,7.903392488251667,8.719885586898133,8.47570817833193,2.5278480640534737,2.117953225835248,3.985776729555894,3.003334261982287,3.4254388702660132,4.84821865114625,3.808997857842518,0.6163662463283764,3.2770425169350856,1.385914196079357,3.0204994309100366,1.161204321630669,2.8427007383397895,1.2626072184730366,2.9619479366987256,3.569448581024766,3.1108745222433427,1.4601781777390013,1.7514410507530367,1.6327220129739382,3.8668644871504116,3.3913437520586416,2.2396284849447237,4.632279645067051,0.9119251323972399,1.6330511042600973,0.9698228311411713,2.0075060463969163,1.928236592899026,1.0241314819268683,1.9116402388024731,1.1595339044209085,5.133191101810552,3.4366917841037585,2.364834737267284,3.1413424221037025,1.044257118090971,1.9111039982406788,1.2341270518386371,5.350255479213713,2.001645125447257,2.3985874849929094,1.3604062704629003,1.5003444918345135,1.790227520016801,2.265096523476023,0.7859708847839467
20,22.177982765735546,16.38483977133883,5.990803467378994,18.76510952776104,8.610377152657744,14.918104997659748,60.58962164958252,11.040215446773905,2.318013591586866,15.123242435402519,3.7852798883804954,15.140266286741305,19.552105843292406,33.923996135956415,19.163909905962733,5.685332335986469,11.671591981304354,15.663113129909943,20.357425623726407,20.467856341318377,14.613586543885026,9.34365291776688,9.90000466855921,11.877564700298734,10.074915530829223,7.4347656115463145,9.331694932373884,11.554608568792435,19.70295646702074,10.012937201083332,3.5869986169029957,1.5373760979253275,16.93362607687775,19.606041408755722,12.82736293653036,15.266136252585222,16.939521677918417,4.091195999435342,16.073367911095257,13.620295484941794,5.991346359160034,3.727231286795748,2.5960149011414533,8.36582093059099,8.662371838188967,4.6655168306155606,8.252648295314103,5.336175611211498,4.655260305211655,11.67645452509388,8.412753303373378,12.787823590146632,3.8469427817355117,2.8935872267055633,9.801223741205268,8.412612846434047,11.852217378272703,11.826748919324096,6.352654579167174,3.430647909614975,7.77460302923173,10.127146519887098,3.32784357150995,4.572485660137143,7.200847502275398,0.9792910916231502,0.807285453837817,3.510490487463438,3.800838305422271,4.904469101976399,7.244326944257572,5.529536937022611,5.320811363344302,4.240223787229224,2.8761162521708274,2.7786226774818408,11.409382347353814,6.8990302512561,0.6278399285642204,7.389313291456672,7.2741934235003365,3.907992609098927,4.021736031945283
21,9.025564899318143,3.952633450795893,4.340379188704202,5.6939217201784995,3.302638359745482,5.072220697994614,97.17314191424215,1.4839260625367756,4.446053848812914,3.5260553418317895,3.681121907150121,2.951894416029105,6.621780196205417,35.40834868609484,10.487579646581183,5.579250327088457,7.487314352292275,7.8600304903552045,8.512356160896783,11.109381610057028,8.28285811633636,9.126376984976735,6.155975778948032,5.750677890839222,8.655913247198043,6.077192580218178,7.0064964861728924,6.026978318047472,9.673368936146058,1.0506277487694482,5.26603611672646,2.171460786608466,1.347146488678522,1.527226998946407,27.010149340934717,8.91427267960049,5.664634820148316,5.090543281547566,7.856006426814791,2.67544868567827,3.5882396145890327,11.201231079131965,3.806190936306887,4.2509704467058285,5.538505813235269,4.148799997781615,3.0952056161711896,3.7214346304728574,9.273957478894967,2.5636605522058016,0.6604040561192682,6.7018482562550785,3.522597477781358,3.5844739214774752,3.5758569441002144,9.272357706453928,3.364955631662369,1.9479601168000378,3.6048693512785097,1.9885715727887363,3.8190606255433153,1.1488106938920217,3.916083830816446,4.369710886547735,2.9933497835292684,2.98411333498443,1.5292468351327915,4.015886280232206,7.147043046327531,4.286290369508689,4.778272282381976,0.4682921121284433,4.726386570793754,4.794844061793955,0.6525143203105389,5.338816174131476,16.07471726692549,1.15940844181837,2.935766354773671,5.733704697529352,6.4176218432631025,2.613902416704689,2.244660525092664
22,12.409638040912874,3.0741249753610136,7.227879283638788,4.319361555954461,7.223299585678036,7.73348527470859,90.36850482961302,16.443570288829058,8.69113052607294,5.646155783362732,3.4677672465109217,8.779713006967642,17.797643054431568,39.9394467883759,17.39438633923552,8.487161970429312,1.6131376147819285,7.265074579041509,11.518473208899737,8.47287560652323,11.835641944746493,13.12985704458691,3.3470859439102987,5.131275838744539,5.186800371713951,5.5881381949198214,11.214052092719658,18.910445192034047,15.485582984667221,6.540918916775033,1.2231111694763908,5.361734444918182,4.832273628523903,3.76906092032851,23.546050472587766,9.251109209069703,5.64964340137809,6.637963642891808,3.7765949739683102,6.938554315187887,6.829588134180446,4.401229119083802,7.708773692008251,2.0124349986106442,1.7345714535732877,2.5526291389333773,6.597256417111892,2.565586762167946,8.014890558849736,3.08903026042661,2.4880164459440097,2.6851565554124592,3.361578751892543,3.4384622450008737,3.0939541927090315,3.628920894581568,4.5944250616762154,1.274491028950734,1.4041736904527582,3.1052969392029794,3.962020622407585,2.6798283499286266,4.979885193117034,4.268588805174265,1.4582534236530516,1.1404213796600162,0.33420676240768543,5.406851977175361,3.0892275663598685,2.52011897789947,1.0925055961778092,0.7824755502953713,0.9565973036144233,1.4783254021585646,4.140723187776933,1.852360740795392,4.989518727150536,1.7995037981062905,2.5247191323797407,0.18109124787546302,2.3857928317671755,3.0874676232096316,2.4162725676106165
23,1.6227359608239256,5.928179833040341,10.225031987494292,2.551384328876509,9.518577916563075,2.138885820469352,91.15643926388661,9.789763447785651,3.6107579625427553,3.0415565224240733,2.017880857128924,13.310883862055473,7.177891884234084,44.990776462155274,14.651681669834211,9.547443956995926,7.808994286968262,2.5793613905891943,11.947468071079358,2.582427774313752,17.65355387529009,3.2816503971989333,4.425977078431281,4.784933266696151,4.697561720365694,6.531952299653139,11.553642106049343,16.056833959161082,8.285477198928326,9.827480844967925,6.755062436304662,2.0710889563600765,12.316280622746074,8.064522130216563,7.190714181222116,6.729817891814882,4.858088234741983,1.775849301047973,3.789444321698364,7.9941453637136055,11.021636565209175,4.418992029665735,2.612289781134575,8.82016327709109,9.743149694174702,1.87050470005038,1.9259023092322727,4.6147337755777444,5.678469838516764,5.974555654959779,3.73126389897983,8.006515735359375,2.279088606080865,2.8682652805897035,6.243660334932909,12.110329927972867,4.0383655222817545,1.6101730822410754,5.800377771431818,0.641051664924096,2.693786619623554,6.695010739758995,7.838736379505904,2.4274111720870146,3.886641109296678,5.714504222630278,0.7935662437773351,3.62830278898271,3.929029474746151,3.2053691480461066,3.874569102028483,7.7541465282096125,3.425975651299562,1.5832601928893857,3.678206350921635,4.8755282207107165,4.996718076561319,1.2861538740888403,2.2339737593357274,1.745462743851038,3.920315503598194,1.6351971108609593,3.3297847291255738
24,14.236134396020296,11.168708160360957,5.785701842580189,7.768964509406507,7.6439251726944475,6.3024634380061,107.04358136132294,5.990672978267663,0.3727133360666222,2.184864079740173,8.499813738435927,2.2677448945531755,4.786968129006821,19.17149911828968,5.224523613953809,2.601592967075354,1.3701710592986711,7.879126338079164,5.746601296812899,2.7953637209751045,12.02802476211174,0.972539653209464,7.3799409868051296,6.716014397791814,6.024896555577147,6.161149965255523,4.824314934495018,8.8668362206065,5.078674635601048,2.6636703168292675,3.099655867059977,5.859983462102703,4.508589608523278,6.287064831825988,9.432902562544202,4.182949398495326,5.995206891985034,4.541277601325774,6.702404002592338,7.097181516239443,5.3731928549674635,8.705738578731992,0.5889241357333308,0.539602696614594,5.814310688884004,7.850882918205309,2.737542270350386,5.556809106554348,5.038566897408173,2.9640679856749848,3.3998802625569473,4.540190368331744,2.2301397337223707,3.5688536546045966,1.8164363495225522,1.4558701079141576,6.27514337939791,2.05528500819407,2.8858243602668288,0.5775652990227853,1.8018957742086608,0.8204699874429061,2.500312387842637,5.4602747747117215,0.3071324780176989,5.660303528207935,0.299563944979967,1.3789315549205847,2.810486094073051,2.4361903182117257,2.176810741351766,4.310904130809374,5.133258774502474,4.149649776927571,4.846225741153216,1.5055710771122122,2.7662425837450764,4.111172968931951,4.296598426619025,4.086637536177203,3.0820049629065216,4.5291912753040275,3.452489591012104
25,7.996156878273818,7.927724745541968,14.849188251460026,15.810025791891185,15.04329777562502,3.8848812182308943,91.0201829067189,4.656183985736014,5.91898139465007,0.43124380359468767,14.528180210216114,14.548365223273008,18.659940997900783,44.99222195988711,9.509084488559497,7.467407342799697,3.7482318342924037,3.744216777109834,9.756779126498149,1.5771416967528726,16.48755881483834,4.850443172314833,4.570576011010699,12.304066774906484,0.4092216022828969,9.281798758077768,4.228825398219619,8.2695388863591,7.19425486936871,6.235295295136731,3.877492354208854,4.485862633806149,3.79378687199393,7.061099029248236,8.965123613969618,7.227217886228993,4.922780635474,1.1733208502823778,3.1085123312688903,6.551063742695121,3.8624027275223964,5.863724223443592,5.049932801863097,5.724372553319303,4.732199307331404,4.839451408545147,2.910679228122519,2.194884166326083,7.429190982926564,1.3524163505309599,7.402177650795629,9.208749409376386,7.724842761070647,2.319255263503021,3.1813949843038456,2.4274798954995838,2.606297987545383,1.4885867954912766,4.515982461753815,8.060356307454553,4.291149869929259,2.282407211877354,5.052224624334262,3.2127927577427244,3.377215305237029,3.290067840785071,6.218302064805326,3.3916333779546477,1.8773172650203274,4.917860282382527,3.6053696287415153,2.182070219170423,2.434195017542151,3.192062471471643,1.7375677617133156,2.694401355270109,3.8332652179601348,3.0482048825685406,2.4814433083004426,2.896138199815333,4.220359762561792,3.917798077915001,2.470011350153101
26,24.230726289697373,7.233597365515396,8.674878993038163,10.278627725709484,13.318338581560932,25.26209007085152,76.21414796599146,19.24929764030565,15.233654565386294,13.004494183969888,5.747723328321725,8.861731764797291,12.30943957120871,43.47895939949129,16.003367179899158,9.356327239173247,4.154518328327997,11.055687117787626,6.242961432699933,14.355719777290314,15.923360410339553,11.352526769466973,5.07153431371686,8.126106675237917,8.5461782723016,3.302689015424397,10.592534412180084,15.451403522220838,9.128605532928024,8.367319463091134,3.790653286409998,4.182393496672882,7.918142981665499,13.087835778593705,17.923011313097554,13.263255987728668,5.861459856664668,1.6518134189527038,5.1920696546176615,4.470759573119273,4.279860400073397,3.285629324017405,10.791701386686293,1.57542147986739,2.3096954079603114,4.89958829156892,5.3239948030035675,4.548799035540242,13.20064323909604,6.778770064068211,2.8994370846637882,5.456010063866251,4.279727894071246,0.9235492690074152,7.543507849584212,0.9031092434926694,1.3047633943419825,2.2386217620154487,3.969032878149323,1.6497884725877965,6.077476534933016,0.7221440877485678,2.797403058477497,2.9983982852820987,2.839066923090301,1.6765155437178043,7.467104773950393,5.2581008939174705,3.763232692516342,6.1585959383759965,6.3341684603533945,2.832119188377834,5.699607995446139,2.653252196091764,4.4337412264099525,3.49707199166937,1.588579245459469,6.441580949729298,7.844088629932076,3.951415447272755,2.9688766102540507,7.352573475842618,3.5816148518727244
27,8.65387217899001,2.418468654627293,5.937131408983287,8.917797732736602,8.508743513101384,4.920613599208416,109.9113883155132,4.64394964421082,11.401852454205597,1.3537675211204718,6.229386515901168,3.8265550505117494,14.241116960290068,6.665348258028249,4.458799794928362,2.7843282856321667,5.377809770432506,2.345561820089658,1.794096107204157,6.468034321935599,11.478309041593198,1.1969454052076434,6.154603827496711,9.139687476397931,0.5107948583275299,1.2557674757174224,8.056561787211466,7.544567677627233,5.169794278661153,3.3571717049085956,4.756812186407474,6.950834542973502,3.357298486262347,8.8985958760056,2.760305617748824,5.203758242266126,3.3199613349319317,4.813966457801037,2.148930592918292,3.3547107973853434,3.666735506572109,4.59028736962651,5.800218016657784,2.496831271088606,4.504378716847391,1.9725888820085837,2.69028620904182,8.15203042122621,3.9233815373316454,2.552262592358061,1.185406954766825,1.698361488392016,1.5281032959840797,4.059858552295348,3.1812934731221545,2.914876628424628,3.209430357453592,1.4197799743688726,1.7994643480316383,3.9378211283080153,5.273307119457519,4.368865556046266,2.736978619774209,4.078073249572674,4.242819962250823,4.358893516558192,3.47961016149591,3.809517149419401,2.1285596674997813,3.2922163826010094,2.7397744965522426,2.2423473892133448,3.39712727074184,4.142045676528795,1.0175035883662573,1.610060701103221,3.1653038764535157,1.32687462987051,3.7500907525765648,3.183982175846688,1.7629706618478256,1.9379241809074654,3.164065249475412
28,11.651478393317877,7.8506291214955315,2.095437472389562,10.11775161512881,7.913751848691932,6.22291585145959,89.90199609090966,8.219024990417584,11.650872335149252,8.826907927263933,1.3931663960516723,12.205644811359706,10.877783953463796,42.17022501988099,9.499317820898318,9.26363535741971,10.432881796992685,10.304013219583814,2.524248617095102,6.75860342374475,7.978662256840804,5.922037979170668,5.768232176183527,1.2685347919404817,7.346918086668288,6.585930620931868,13.451188509456943,12.028773955174586,10.60504768918916,10.28595909492937,2.564050991485436,7.032447127069304,7.793819894861673,4.97654007886547,15.020268564243935,2.2854637776695492,5.108850622269636,1.1276686005925363,2.648588985395033,4.022639950378105,3.1741855681110285,10.02811305280303,7.181415114228738,5.066577091000018,2.4022904472124593,4.965573794461434,6.645620427150947,8.279162668276632,14.373328188288324,3.6740992210582917,4.704779716167235,7.086976386211693,1.715690833863428,3.746531441925632,4.3015370801439285,8.805311890999471,4.029215059855678,2.754897379460631,2.5252997450090824,2.3287980803295687,3.8026255244901983,7.109488988849171,7.25338088921559,3.3131016854280917,4.48967037609564,5.559107460788647,4.0731849992704,3.4712472205586047,3.6968624125490623,12.697720227018152,7.096067664250737,4.161065070738038,1.2937642320510294,1.4777746287038176,10.34073292360512,3.2843811792095177,10.636203327985347,4.35729570190642,9.168463239153237,4.417137412169995,2.254922508088793,2.550184069317422,1.930740421448317
29,16.765289116712296,7.896529055193495,3.022869416565744,5.1167439268539905,10.058736026307914,9.33203077166652,80.70158972535907,18.929494319644572,8.663948155610347,8.086115559476688,4.804809478355124,10.687318019767407,14.650825043576878,57.8518382705408,11.176443923293094,13.844852549642868,6.209207483989471,5.261270038445554,9.427543562264919,7.998746548634874,9.042674793907493,3.0107033750157908,3.3955044081595602,5.651388584133682,7.354123968681553,7.682341130271698,6.235508619735472,17.52724527097842,10.146172448857168,9.752560868749795,8.090040229513573,2.960794727456891,0.9069712272188541,11.10528791866916,11.56873171045725,6.657530448269223,8.461789571562448,3.1593434892504777,4.540756661846125,6.776466940056486,6.0176968129359665,3.410031389288513,3.6819518919778695,3.592026219942371,3.9241538516793844,5.99796503781414,8.346200490246499,8.648871168560026,4.706880027932442,2.647991616179285,4.763698144893565,3.7488560221078884,7.991876395846023,4.7783060687845005,7.064820344837946,4.446968064199084,2.7437788901934614,2.2069380310722018,6.471076693759556,2.66601492891477,0.3276015408531637,4.048823045100386,6.396714118178679,3.796604554413853,2.7578554754460205,4.339333060804747,1.9621669647510172,1.593738602898243,6.697350763877035,5.413353618644799,6.58310443147301,7.214019328100572,4.581278607408098,4.062582042018696,3.7793878040027744,1.4496395316879536,0.702092865678749,2.5009753539517545,4.125486134471383,3.3693794816125164,4.188131354396302,4.5357206327575215,4.415959703608029
31,13.532676434010835,13.059102555414986,14.674455418250359,4.8234635724399535,10.396684572037381,8.768796641599558,88.78919158376554,14.180040262650305,14.009967914896821,10.690211407960476,15.574566299828255,6.337556153325914,19.606158851465835,36.04041633805554,13.126087441558775,21.470697009342047,8.250195060669517,11.643951088094342,6.68644202192063,10.203454913878636,6.324036009193131,14.324313184422925,6.8983961026038365,1.1129961370215762,7.332549057130821,6.647051209408968,3.421226203326068,4.867624988226329,9.06392234026301,4.77936729596981,7.2949905768050956,5.133618308106949,9.913249398023291,8.155352679699412,10.245477001993683,8.278081483748608,2.7156850370326473,3.7568679467216413,1.9804170022757333,1.164506012091129,3.7548481845790764,3.2671997516050784,3.6778218408350263,5.372772671440123,3.1407599575631293,5.303485585981297,3.3550060270009525,6.509402657848892,9.523982460726506,6.398647871498521,1.1685768990205219,5.9878909214503615,4.0013239167548305,0.7592151162786008,4.289547216657388,11.87134496439611,2.7180546052282457,2.328480836555977,2.3687002021740757,3.674734002224528,5.910010751377809,3.2686201335292218,4.109491165867804,2.706151414384742,2.4997129561888887,5.361844854981637,1.930717252942776,1.9766053188669692,10.479635887423553,5.299181168959159,3.563646043500454,3.451414979363499,0.9193106762633737,3.701132898309166,3.1991836792712056,0.8110755184478128,10.174721478221587,4.359882257802014,2.5849097561215615,2.519360945470794,0.2717614810002492,0.24478871683444245,6.204008773980765
32,12.639725670141674,8.8906760569164,3.4446122898656535,1.1965047330207679,6.936456159028586,14.780556946494654,90.58234087842098,13.33019168230724,11.927456922722941,5.422406386464395,5.215495712589705,9.062421709718071,16.183664490247324,40.44998725822776,15.598221980087073,11.051106993968489,5.081265925200232,9.31892690182536,9.828893041315759,6.956762768078959,1.8928329004840672,9.595547408553825,0.969701748351563,2.9721580543518935,6.290080695390531,5.3643387798397795,9.767507531770836,13.67242523736834,9.072246505740612,9.067175699226937,4.680878115959207,2.195472420759243,6.185336525171556,6.675035589818451,9.284555499148938,2.7137460557175306,4.111444617620165,5.689144557035765,2.7747174664291814,6.540364463740856,4.260054211516705,15.503250857940813,7.386799543420722,5.5632518353164855,5.4894187003123776,5.500755504529605,4.139571355893925,4.147553495929602,9.920638427606555,1.4476595006162054,3.4518862401202126,4.711530791709689,3.054784661157129,4.512324655782406,7.1478030628406835,8.510426878251248,1.9206752261700206,5.633391807983097,0.3905290992750241,3.0733051306555508,6.165355092914949,2.4916729001205824,13.107847508588318,7.213934776593939,2.3042132093086667,5.155953347814766,2.7729419836373213,3.116860373806338,4.933387075961223,6.30850582810075,2.671215221338734,5.689284507243375,2.5442088417782562,3.2093057658256607,6.7896734106725845,1.4892524120131787,12.027594765953873,1.5869788331005386,3.34473379029851,0.3045132679611554,1.752930390106224,6.120254591947053,3.7868950516971913
33,20.578546668332617,11.621609653164672,9.071370367926983,11.069337273000222,15.103738952979505,5.504962333529281,76.03012796541603,14.457606245992832,3.143569746607145,9.620586546318114,5.088210238506035,6.546863107985643,10.650343390475554,54.861979059448565,6.590450315134836,5.47915541871847,8.905311433943368,9.00582384183639,11.486737547038498,1.6289547688925274,17.42472987130279,9.684939500787676,6.564972364823865,4.467703638737512,5.32771931526284,15.33167965487053,7.3496992771026095,10.921557047188546,3.9525864426047623,3.1447489341512105,5.525419995836786,7.146029858227212,1.7826792706048138,10.867559590741893,12.599601570234096,2.9934149604039404,5.033773178649215,2.39733234613823,3.48227535653082,12.962297133317232,10.152208863689806,13.850398251351399,8.44279867022773,4.169200257246287,8.468007942009374,4.9218747077613365,5.470710979767323,16.27196168333684,11.697073511273278,7.7336869332930105,3.334461189082327,5.336770749185948,6.148445749204571,3.6380340034888747,4.15443285388855,14.798373028411582,5.654141711083091,4.183568430895625,2.8853152316695625,5.033209117602125,3.163113373978659,6.922397861939005,10.698535603206068,3.4465135711522956,2.8601917796863865,1.7225223125120832,4.659601318446923,4.690887212988752,3.8199114140737045,8.22016175917296,2.388466662799537,2.38572654492278,1.8857589236776964,0.777567306990424,3.419717843053315,4.454287078785262,8.368385556865414,6.829665660696032,3.11457701303876,1.5547751521237516,1.6964800737230927,1.4915748550549455,4.033082774264259
34,20.34711884116648,7.718514845528009,16.92397634126292,15.589466898243925,6.376635460663933,15.609557136419463,77.96234684515882,18.552635494323788,2.3196898558243833,15.603137080071345,9.114923978777618,1.5322563368730817,16.245924808159746,41.52627568120862,2.7550089749466578,3.180305261818496,13.22119196377557,1.9494988882689301,5.893819348146616,5.782860044734815,18.78971290201582,18.081155755525558,7.0065965370810614,7.969503156526621,8.795198484703485,2.93709915874405,1.5912364177555036,3.6926408238214203,6.047991762586649,8.6938191695033,3.970243041171674,1.9949456672612624,5.3592302960010425,14.518454186931297,6.598695331882723,6.232757748323041,3.3372205129463746,0.3830713655380819,5.67731486221663,6.202973077629869,12.539231996454339,25.225517720753363,11.023729531785191,9.54432274743713,9.770566856803297,9.955081309244658,0.39533455151027885,13.356763072870084,6.86056499509729,3.619760292859052,5.2102287003651995,4.779532549992184,9.202024664222703,3.1295373116562932,2.266968041247237,8.826010762697482,2.720483791779233,5.074085777183085,5.911155309808715,5.028921396342149,4.814377863315155,3.479850154230228,2.4070052499133676,1.686270340780784,5.573120831066515,5.552234275733536,6.603890986306988,0.6513452385405377,2.6313145073539044,9.724580663718163,2.2657750079669365,5.305628493340111,4.852612180499667,3.746184251322279,4.338052366198598,3.3176730642899055,8.291401661993946,3.650841663806328,4.726423478924537,0.9733785379973016,3.707026628823295,2.9134682725971905,9.927659221461234
37,8.341908042030514,10.26339486512518,12.814345494429821,11.734112821688125,8.827337351056652,12.88223778904871,71.82913443647222,2.5846657671874707,16.081878197709923,6.802086229543775,3.5803206120901505,12.185437965409337,18.66140935238378,41.199219459298,18.466732802755445,5.779278878784097,13.369251667300452,9.753286940493934,15.37212638937526,10.324940575049084,14.553845051349239,13.031986022015191,16.00329613583934,10.252662329029416,6.085724330638334,2.983134991782961,5.686873806942726,25.41876083495582,20.415502415859926,6.37979405110019,7.371205796275302,11.87971164102391,9.625621413828721,11.275819377358872,9.043073673762446,7.50319039616708,9.41330771518313,2.685152895632433,3.290070184709947,3.173230697863388,3.9867773754270615,12.804331299086021,9.712689591400434,1.5339539568725618,7.02229029214572,6.863436327475623,3.9386507827337174,14.86062464765108,3.2043729738942903,6.796571111412036,7.6208047740558476,4.08357843968526,12.976273409957535,12.38830100771012,3.8005677599577297,10.578146751750127,5.142326789738021,8.771763009898928,7.446439770831145,4.374755973057166,2.6574148259101626,7.374783051113123,6.209251012676544,6.024451667540657,6.255338433656295,9.120987431399195,1.5554479082347457,2.7894655896320733,0.986616106391134,4.271449948466422,6.865924248764644,1.0321935707840217,11.55398375206977,6.849465543249441,9.269773030739788,6.0506680525735,1.285887053715635,0.857010531418,3.2027605289323526,4.48898982756757,5.946481309313278,1.8886815605056957,7.043235730280441
